term,definition,link,introduced_by_card_id
unit test,"A test that checks one small piece of code — usually a single function — completely on its own, with no real database, network, or other components involved.",https://en.wikipedia.org/wiki/Unit_testing,11
integration test,"A test that checks multiple parts of a system working together for real, like your code talking to a real database or two services calling each other, instead of testing any one piece in isolation.",https://en.wikipedia.org/wiki/Integration_testing,16
end-to-end test,"A test that drives an app exactly like a real user would, clicking and typing through a full flow from start to finish, rather than checking just one function or one call.",https://en.wikipedia.org/wiki/System_testing,21
test pyramid,"A shape for planning your test suite: lots of fast unit tests at the bottom, fewer integration tests in the middle, and only a handful of slow end-to-end tests at the top — flip that ratio and the whole suite gets slow.",https://en.wikipedia.org/wiki/Test_automation,26
Arrange,The first step of the Arrange-Act-Assert pattern: setting up whatever data or state a test needs before running the code being tested.,https://en.wikipedia.org/wiki/Test-driven_development,31
Act,"The second step of the Arrange-Act-Assert pattern: actually running the code being tested, after Arrange has set up the data it needs.",https://en.wikipedia.org/wiki/Test-driven_development,32
Assert,The third step of the Arrange-Act-Assert pattern: checking that the result from the Act step is actually correct.,https://en.wikipedia.org/wiki/Assertion_(software_development),32
AAA,"Short for Arrange-Act-Assert, a standard pattern for structuring a test: first set up the data (Arrange), then run the code (Act), then check the result (Assert), always in that order.",https://en.wikipedia.org/wiki/Test-driven_development,32
flaky test,"A test that sometimes passes and sometimes fails on the exact same code, with nothing actually changed — usually caused by timing issues, shared state, or a race condition, and it erodes trust in the whole suite.",https://en.wikipedia.org/wiki/Flaky_test,106
race condition,"A bug that shows up when the result depends on the exact timing of two things happening at once — for example two parts of the code both racing to read and update the same piece of data, where whichever one finishes first quietly changes the outcome. It's one of the most common causes of a flaky test.",https://en.wikipedia.org/wiki/Race_condition,107
stub,"A stand-in for a real dependency that just returns a fixed, canned answer whenever it's called, without checking how or whether it was used.",https://en.wikipedia.org/wiki/Test_stub,51
mock,"A stand-in for a real dependency that, beyond returning a canned answer like a stub, also checks that it was actually called the right way — e.g. with the right arguments, the right number of times.",https://en.wikipedia.org/wiki/Mock_object,52
fake,"A full, working, simplified version of a real dependency — for example an in-memory database instead of a real one — that behaves like the real thing but is easier and faster to test against.",https://en.wikipedia.org/wiki/Test_double,52
spy,"A stand-in for a real dependency that records the real calls that happened to it, so a test can later check what actually got called and how.",https://en.wikipedia.org/wiki/Test_double,52
test double,"The umbrella term for any stand-in swapped in for a real dependency during a test — a stub, mock, fake, or spy are each a different kind of test double, picked depending on whether the test just needs a canned answer, needs to check how it was called, or needs a fully working simplified version.",https://en.wikipedia.org/wiki/Test_double,228
mocking,"Swapping a real dependency for a stub, mock, fake, or spy in a test, usually to isolate the code under test from something slow, flaky, or hard to control — overusing it can hide real bugs by testing your assumptions instead of the real system.",https://en.wikipedia.org/wiki/Mock_object,56
code coverage,"A percentage measuring which lines of code actually ran during your test suite — it only proves a line executed, not that its result was ever properly checked, so 100% coverage doesn't guarantee your tests are actually good.",https://en.wikipedia.org/wiki/Code_coverage,61
boundary case,"An input sitting right at the edge of what a piece of code handles — like zero, an empty list, or a negative number — where bugs love to hide because the typical 'happy path' testing skips right over them.",https://en.wikipedia.org/wiki/Boundary-value_analysis,66
happy path,"The normal, expected flow through a piece of code where everything works and no errors occur — the case that's easiest to test, but not the only one worth testing.",https://en.wikipedia.org/wiki/Happy_path,67
TDD,"Short for Test-Driven Development: a way of writing code where you write a failing test first, then write just enough code to make it pass, then clean the code up — the Red-Green-Refactor cycle, repeated.",https://en.wikipedia.org/wiki/Test-driven_development,76
contract test,"A test that checks a service's API still matches what the other services or apps that depend on it (its 'consumers') actually expect — catching a breaking change before it reaches production, without needing a full end-to-end test.",https://pact.io/,96
browser-driven test,"A test run through tools like Playwright or Cypress that controls a real browser — clicking buttons, filling forms — exactly like a real user would, catching real UI bugs other test types would miss.",https://en.wikipedia.org/wiki/Selenium_(software),102
API test,A test that sends a real HTTP request straight to a service and checks the response — its status code and body — without needing a browser at all.,https://en.wikipedia.org/wiki/API_testing,91
load test,"A test that simulates many users hitting a system at once, to see how it holds up under pressure and find its breaking point before real traffic does.",https://en.wikipedia.org/wiki/Load_testing,111
security testing,Testing aimed at finding vulnerabilities before an attacker does — for example checking for SQL injection or an endpoint that should require authentication but doesn't.,https://en.wikipedia.org/wiki/Security_testing,117
accessibility testing,"Testing that checks whether an app can actually be used by everyone — for example whether a screen reader can navigate it, and whether text has enough color contrast to read.",https://en.wikipedia.org/wiki/Accessibility,121
regression test,"An old test that gets re-run after every new change, specifically to catch something that used to work quietly breaking again.",https://en.wikipedia.org/wiki/Regression_testing,126
CI pipeline,"Short for Continuous Integration pipeline: automation that runs your test suite on every push to the codebase, and blocks a bad merge automatically if anything fails, so no one has to remember to test by hand.",https://en.wikipedia.org/wiki/Continuous_integration,131
property-based testing,"A style of testing where, instead of checking one fixed example, you generate many random inputs and check that a general rule always holds true across all of them — giving much wider coverage than a single example-based test.",https://en.wikipedia.org/wiki/Software_testing,147
mutation testing,A technique that intentionally creates many slightly-broken copies of your code (called mutants) and checks whether your test suite notices each one — a mutant that survives without being caught reveals a test that passes but doesn't actually check anything.,https://en.wikipedia.org/wiki/Mutation_testing,151
mutant,"In mutation testing, one deliberately broken copy of your code, created to check whether your test suite actually notices the break — a mutant that survives means a weak test.",https://en.wikipedia.org/wiki/Mutation_testing,152
SQL injection,"A security attack where an attacker sneaks malicious code into a text input so it gets run as part of a database query, potentially letting them read or change data they shouldn't have access to.",https://en.wikipedia.org/wiki/SQL_injection,116
API,Application programming interface: a defined way for one program to ask another for something.,https://en.wikipedia.org/wiki/API,
APIs,Application programming interfaces: defined ways for one program to ask another for something.,https://en.wikipedia.org/wiki/API,
UI,User interface: the screens and controls people use to work with software.,https://en.wikipedia.org/wiki/User_interface,
UIs,User interfaces: the screens and controls people use to work with software.,https://en.wikipedia.org/wiki/User_interface,
E2E,End-to-end: a test that drives the whole system the way a real user would.,https://en.wikipedia.org/wiki/System_testing,
HTTP,HyperText Transfer Protocol: the protocol web browsers and servers use to exchange pages and data.,https://en.wikipedia.org/wiki/HTTP,
SQL,Structured Query Language: the standard language for querying relational databases.,https://en.wikipedia.org/wiki/SQL,
CPU,Central processing unit: the processor that executes a program's instructions.,https://en.wikipedia.org/wiki/Central_processing_unit,
QA,Quality assurance: the practice of checking that software meets its requirements before release.,https://en.wikipedia.org/wiki/Quality_assurance,115
unit tests,Small automated tests that check one function or component in isolation.,https://en.wikipedia.org/wiki/Unit_testing,11
integration tests,Automated tests that check that several components work correctly together.,https://en.wikipedia.org/wiki/Integration_testing,16
end-to-end tests,Automated tests that exercise a whole application from the user's point of view.,https://en.wikipedia.org/wiki/System_testing,21
stubs,Simple stand-ins for a dependency that return fixed answers during a test.,https://en.wikipedia.org/wiki/Test_double,51
mocks,Test stand-ins that also record how they were called so a test can check the interaction.,https://en.wikipedia.org/wiki/Mock_object,52
fakes,"Working but simplified versions of a dependency, such as an in-memory database, used in tests.",https://en.wikipedia.org/wiki/Test_double,52
test doubles,"Objects that stand in for a real dependency during a test, such as stubs, mocks and fakes.",https://en.wikipedia.org/wiki/Test_double,228
boundary cases,"Test inputs at the edges of what is allowed, such as zero, empty or the maximum value.",https://en.wikipedia.org/wiki/Boundary-value_analysis,66
contract tests,Tests that check two services still agree on the requests and responses they exchange.,https://martinfowler.com/bliki/ContractTest.html,96
browser-driven tests,Automated tests that control a real browser to click and type like a user.,https://en.wikipedia.org/wiki/Selenium_(software),102
regression tests,Tests re-run after a change to make sure old behaviour still works.,https://en.wikipedia.org/wiki/Regression_testing,126
CI pipelines,Automated workflows that build and test code every time someone pushes a change.,https://en.wikipedia.org/wiki/Continuous_integration,131
mutants,Small deliberate bugs inserted into code in mutation testing to see whether the tests notice.,https://en.wikipedia.org/wiki/Mutation_testing,152
